Title,Name,Address,Contact,Url,Email,Phone Number
Attractions,Armonk Library/North Castle Library,Location: 19 Whippoorwill Rd EastContact:,,http://www.northcastlelibrary.org/,sgrieco@northcastlelibrary.org,(914) 273-3887
Attractions,Bedford Village Library,Location: 32 Village GreenContact:,,http://www.bedfordfreelibrary.org/,kcrummy@bedfordfreelibrary.org,(914) 234-3570
Attractions,Bedford Hills Library,Location: 26 Main StContact:,,http://www.bedfordhillsfreelibrary.org/,,(914) 666-6472
Attractions,Briarcliff Library,Location: 1 Library RdContact:,,http://www.briarcliffmanorlibrary.org/,,(914) 941-7072
Attractions,Chappaqua Library,Location: 195 S. Greeley AveContact:,,http://www.chappaqualibrary.org/,,(914) 238-4779
Attractions,Katonah Library,Location: 26 Bedford RdContact:,,http://www.katonahlibrary.org/,info@katonahlibrary.org,(914) 232-3508
Attractions,Mt. Kisco Library,Location: 100 East Main StreetContact:,,http://www.mountkiscolibrary.org/,2025bsteckel@mountkiscolibrary.org,(914) 666-8041
Attractions,Pleasantville Library (Mt Pleasant Library),Location: 350 Bedford Road PleasantvilleContact:,,http://www.mountpleasantlibrary.org/,,(914) 769-0548
Attractions,Ossining Library,Location: 53 Croton AvenueContact:,,http://www.ossininglibrary.com/,,(914) 941-2416
Attractions,Neuberger Museum of Art,"Location: Purchase College, Suny 735 Anderson Hill Rd, PurchaseContact:",,https://www.neuberger.org/,nma.development@purchase.edu,(914) 251-6115
Attractions,The Stamford Museum and Nature Center,Location: 39 Scofieldtown Road StamfordContact:,,https://stamfordmuseum.org,info@stamfordmuseum.org,(203) 322-1646
Attractions,Coman Hill Elementary School,Location: 558 Bedford Rd ArmonkContact:,,https://www.byramhills.org/coman-hill-home,,(914) 273-4183
Attractions,Lombardi Park,"Location: 85 Cox Ave ArmonkNotes: Soccer fields on side of tennis courts; no sand or water; bathrooms, toddler swings",,,,
Attractions,North Castle Community Park,Location: 229-289 Business Park Dr ArmonkNotes: Port-0- potties available; Next to sports fields; No swings,,http://www.northcastleny.com/recreation-department,,
Attractions,Bedford Hills Memorial Park,Location: 86-89 Lake Marie Lane Bedford HillsNotes: Totally fenced in; No bathrooms,,https://www.bedfordny.gov/departments/recreation-parks/,,
Attractions,Buck Johnson Park,Location: 510 N State Rd BriarcliffNotes: Poison ivy in wooded area; No bathrooms or sand; Have toddler and regular swings.,,http://ossining.com/buck-johnson-park/,info@ossining.com,
Attractions,Law Memorial Park,"Location: 957-999 Pleasantville Road BriarcliffNotes: Fenced in/gated; No shade, Bathrooms or sand",,http://www.briarcliffmanor.org/pages/BriarcliffManorNY_Recreation/GenInfo/RecreationFacilities&Parks,,
Attractions,Douglas Grafflin School Park,"Location: 650 King St ChappaquaNotes: Weekends only; No toddler swings, Bathrroms, or sandbox",,,,
Attractions,Gedney Park,"Location: 155 Millwood Road ChappaquaNotes: Sledding in winter, Smaller playground in back of park; Tennis courts and trails; Path for biking; Toddler swings; Bathrooms",,https://www.nynjtc.org/park/gedney-park,,
Attractions,Robert E Bell Middle School Playground,"Location: Robert E. Bell Middle School 185 S Greeley Ave ChappaquaNotes: Afterschool hrs; no sand, swings or bathrooms",,,,
Attractions,Town Hall Playground,Location: Old Pine Bridge Rd ChappaquaNotes: Bathrooms inside town hall during bus hrs; near train station; no sand box or swings,,,,
Attractions,Katonah Memorial Park,Location: 70-98 North St Katonah,,https://www.facebook.com/pages/Katonah-Memorial-Park/134080843301613,,
Attractions,Reis Park,Location: 80 Primrose St Katonah,,http://www.somersny.com/Pages/SomersNY_Parks/index,,
Attractions,Millwood Park,Location: 235 Saw Mill River Road MillwoodNotes: small play area near baseball fields; no bathrooms or any swings,,,,
Attractions,Fox Memorial Park,"Location: 198 Carpenter Ave Mt KiscoNotes: no sand, swings or bathrooms",,,,
Attractions,Leonard Park,"Location: 104 E Main St, Mount KiscoNotes: Must be resident-will check ids; no water park; toddler swings",,,,
Attractions,West Patent Park,Location: Location: 80 W. Patent Rd Mt Kisco,,,,
Attractions,Nannahagan Park,Location: Pleasantville Cottage School 1075 Broadway PleasantvilleNotes: co-located with Pleasantville community pool; shady playground; pond with walking path; port a potties,,,,
Attractions,Rockerfeller Park Preserve,Location: 125 Phelps Way PleasantvilleContact:,,www.parks.ny.gov/parks/59,,(914) 631-1470
Attractions,Roselle Park,Location: 1-47 Spring St PleasantvilleNotes: Sandbox w toys for kids; port o potties; toddler swings,,,,
Attractions,Soldiers and Sailors Park,Location: 31 Clark Street PleasantvilleNotes: morning shade/afternoon sun; bathrooms open during summer; toys in sandbox; baseball/soccer fields,,,,
Attractions,Henry Gourdine Park,Location: Location: Ferry Terminal OssiningContact: Notes: next to waterfront/3 westerly; walk to Louis Engel playground/splashpads (for older kids),,https://www.inossining.com/parks/henry-gourdine-park/,eric@schatzrealtors.com,
Attractions,Louis Engel Waterfront Park,Location: 51-151 Westerly Rd OssiningNotes: waterpark next to Henry Gourdine Park,,https://www.inossining.com/parks/louis-engel-waterfront-park/,eric@schatzrealtors.com,
Attractions,Ryder Park,"Location: Charles K. Ryder Memoral Park, 43B Morningside Dr OssiningNotes: needs maintenance; no bathrooms or sand; has toddler swings",,https://www.inossining.com/parks/ryder-park/,eric@schatzrealtors.com,
Attractions,Veterans Memorial Park,Location: 19 Oakbrook RdNotes: toddler swings and bathrooms; no sand,,,,
Attractions,Bronx River Reservation,"Location: 2 Bronx River Pkwy, ScarsdaleContact: Notes: 3 paved segments, bicking, trails, fishing, nature study, ice skating",,https://parks.westchestergov.com/bronx-river-reservation,,(914) 723-4058
Attractions,Cranberry Lake Preserve,"Location: 1609 Old Orchard Street North White PlainsContact: Notes: Wildlife display, bird sanctuary, trails ,museum, hiking, birthday parties available, educational programs – call for info",,https://parks.westchestergov.com/cranberry-lake,,(914) 428-1005
Attractions,Croton George,"Location: 35 Yorktown Rd, Croton-On-HudsonContact: Notes: baseball, fishing, hiking, nature study,picknicking , playground, dogs on leash",,https://parks.westchestergov.com/croton-gorge-park,,(914) 864-7275
Attractions,George’s Island Park,"Location: 199 Dutch Street, MontroseContact: Notes: Picnic, Playground, Trails, Leashed dogs, various water sports and activities",,https://parks.westchestergov.com/georges-island-park,,(914) 737-7530
Attractions,Glen Island Park,"Location: Weyman Ave, New RochelleContact: Notes: Picking, food, trails, leashed dogs, beach access, various boating, water activities, fishing, swimming",,https://parks.westchestergov.com/glen-island-park,,(914) 813-6720
Attractions,Graham Hills,"Location: Route 117, Mount PleasantContact: Notes: picnicking, trails, hiking, biking trails-geared toward experienced mountain bikers",,https://parks.westchestergov.com/graham-hills-park,,(914) 231-4500
Attractions,Kensico Dam Plaza,"Location: 1 Bronx River Parkway ValhallaContact: Notes: Nature study, outdoor film,spicnicking, food, playground, skating, fitness, trails-hiking/biking",,https://parks.westchestergov.com/kensico-dam-plaza,,(914) 231-4033
Attractions,Kingsland Point Park,"Location: 299 Palmer Ave Sleepy HollowContact: Notes: picnicking, playground, baseball, leashed dogs, hiking, fishing",,https://parks.westchestergov.com/kingsland-point-park,,(914) 366-5109
Attractions,Kitchawan Preserve,"Location: 712 Kitchawn Rd (Route 134) OssiningContact: Notes: trails, winter activites, leashed dogs, skiing, nature center",,https://parks.westchestergov.com/kitchawan-preserve,,(914) 231-4500
Attractions,Lasdon Park & Arboretum,"Location: 2610 Amawalk Road KatonahContact: Notes: Veteran Museum, Floral Gardens, Park, Weddings/events, Lilac Garden, Monarch Meadow",,https://www.lasdonpark.org/,VeteransMuseum@lasdonpark.org,(914) 864-7268
Attractions,Lenoir Reserve,"Location: 19 Dudley Street YonkersContact: Notes: bird watching in spring/fall, butterfly garden in summer, nature center, picnicking, winter activities, trails, nature center, bird sanctuary",,https://parks.westchestergov.com/lenoir-preserve,,(914) 968-5851
Attractions,Marshlands Conservatory,"Location: 220 Boston Post Rd, Rye,Contact: Notes: picnicking, trails, winter activities, nature center, bird sanctuary, museum",,https://parks.westchestergov.com/marshlands-conservancy,,(914) 834-4466
Attractions,Merestead,"Location: 455 Byram Lake Rod Mt KiscoContact: Notes: historic site, trails, bird sanctuary, nature center-know for scenery along the hiking trails",,https://parks.westchestergov.com/merestead,,(914) 666-4258
Attractions,Muscoot Farms,"Location: 51 NY-100 KatonahContact: Notes: picnicking, food, trails, nature center, museum, farm, kids activities, birthday parties",,https://muscootfarm.org/,,(914) 864-7282
Attractions,Edith G. Read Wildlife Sanctuary,"Location: 100 Playland Parkway RyeContact: Notes: trails, nature centre, bird sanctuary",,http://www.friendsofreadwildlifesanctuary.org/,president@friendsofreadwildlifesanctuary.org,(914) 967-8720
Attractions,Ridge Road Park,"Location: 287 Ridge Road HarsdaleContact: Notes: Picnicking, playground, leashed dogs, baseball, fitness, nature center-ideal for group/family picnicking",,https://parks.westchestergov.com/ridge-road-park,,(914) 946-8133
Attractions,Sal J. Prezioso Mountain Lake Park,"Location: 201 Halwey Road North SalemContact: Notes: camping, fishing, ice skating, nature center, leashed dogs, picnic, winter activities, high/low ropes challenge course, weddings",,https://parks.westchestergov.com/sal-j-prezioso-mountain-lakes,,(914) 864-7312
Attractions,Saxon Woods Park,"Location: 1800 Mamaroneck Avenue White PlainsContact: Notes: picnicking, food, playground ,fitness, swimming, trails, nature center, 18 hole golf course/miniature golf, birthday parties, horseback riding",,https://parks.westchestergov.com/saxon-woods-park,,(914) 995-4480
Attractions,Silver Lake Preserve,"Location: 74 Old Lake St HarrisonContact: Notes: fitness, hiking, nature center",,https://parks.westchestergov.com/silver-lake-preserve,,(914) 231-4500
Attractions,Sprain Ridge Park,"Location: 149 Jackson Avenue YonkersContact: Notes: picnicking, leashed dogs playground, nature center, hiking, mountain biking, pool",,https://parks.westchestergov.com/sprain-ridge-park,,(914) 231-3450
Attractions,Tibbetts Brook Park,"Location: 355 Midland Avenue YonkersContact: Notes: picnicking, food, leashed dogs, playground, baseball, skating, tennis,fitness,hiking, swimming, fishing, mountainbiking, winter activities, ice scating, nature center,aquatic complex with splashpad, in pool sports, , lazy river; soccer field",,https://parks.westchestergov.com/tibbetts-brook-park,,(914) 231-2870
Attractions,Twin Lakes Park and Nature,"Location: 960 California Rd EastchesterContact: Notes: farm in bronxville, trails, fishing, winter activities, ice scating, nature center, horseback riding",,https://parks.westchestergov.com/twin-lakes-park,,(914) 961-2192
Attractions,VE Macy Park,"Location: 914 Saw Mill River Rd ArdsleyContact: Notes: 3 areas-picnicking, playground, woodland lakes-fishing and ice skating and access to south county trail, Great Hunger memorial, Saw Mill River Parkway in Irvington, hiking",,https://parks.westchestergov.com/v-e-macy-park,,(914) 946-8133
Attractions,Wampus Pond,"Location: 1 Wampus Lake Drive ArmonkContact: Notes: native American artifacts, picnicking, rowboats, fishing, ice skating, nature center",,https://parks.westchestergov.com/wampus-pond,,(914) 273-3230
Attractions,Ward Pound Ridge Reservation,"Location: Route 35 and 121, Cross RiverContact: Notes: picnicking, playground, fitness,trails, fishing, campground, winter activities, nature centre, horsebackriding, museum (Trailside Nature Museum), childrens camps",,https://parks.westchestergov.com/ward-pound-ridge-reservation,,(914) 864-7317
Attractions,Willsons Woods Park,"Location: 8 Bradford Rd, Mt VernonContact: Notes: bath house and pool, dematteo pavilllion for events, wilsons waves-water park, picnicking, food, fitness, playground, hiking, fishing, nature center, swimming, pool birthday parties",,https://parks.westchestergov.com/willsons-woods-park,,(914) 813-6990
Attractions,Westmoreland Sanctuary,"Location: 260 Chestnut Ridge Road, Mount Kisco, NY 10549Contact:",,http://www.westmorelandsanctuary.org/,info@westmorelandsanctuary.org,(914) 666-8448
Attractions,WHIPPOORWILL COUNTRY CLUB,Location: 150 Whippoorwill Rd ArmonkContact:,,https://www.whippoorwillclub.org/,,(914) 273-3011
Beauty,The Pharm Stand,A health and wellness boutique carrying the best in CBD products. Over 100 items from USA’s top producers and farms.,,http://www.thepharmstandco.com,399-5557info@thepharmstandco.com,
Beauty,https://thepharmstandco.com/,"15 Maple AveArmonk, NY 10504Store – 914-219-4360ig:@thepharmstand",,https://www.instagram.com/thepharmstand/,,
Beauty,High Quality Home Therapy,203.212.4191[email protected],,http://www.hqhtherapy.com/,,
Beauty,Park Avenue Medical Spa,Location: 575 Main Street ArmonkContact:,,https://parkavenuemedicalspa.com/contact/,10504914-730-3333parkavenuemedicalspa@gmail.comMonday,(914) 730-3333
Beauty,Bellava MedAesthetics,Location: 182 Rte 117 Bypass Rd Bedford HillsContact:,,http://www.bellamedspa.com/,UsPhone931.245.0500Emailinquiry@bellamedspa.comWorking,(914) 517-3996
Beauty,Epidavros Day Spa and Salon,Location: 272 N Bedford Rd. Mt. KiscoContact:,,https://www.epidavrosdayspa.com,,(914) 244-4422
Beauty,The Spa at Sage,Location: 6 Maple Ave 2nd Fl ArmonkContact:,,https://Sageyogaandweellnessspa.com,,(914) 906-1143
Beauty,The Beauty Parlor &Spa,Location: 145 Palisade St Suite 231 Dobbs FerryContact:,,https://www.thebeautyparlorny.com,478-4814info@thebeautyparlorny.com,(914) 478-4814
Beauty,Spa Chiara @ Saw Mill East,Location: 333 N. Bedford Rd Mt. KiscoContact:,,http://www.spachiara.com/,info@spachiara.com,(914) 752-6850
Beauty,Emmary Day Spa,Location: 24 S. Greeley Ave ChappaquaContact:,,http://emmaryspa.com/,,(914) 238-8830
Beauty,Facelogic Spa Mt Kisco,Location: 145 Kisco Ave Mt. KiscoContact:,,https://www.facelogickisco.com,facelogicmountkisco@gmail.com,(914) 241-3223
Beauty,Cherylyn Salon North,Location: 430 Bedford Road ArmonkContact:,,http://www.cherylynsalon.com/,cherylynnorth@gmail.com,(914) 273-7900
Beauty,Gloss Salon,Location: 25 Parkway KatonahContact:,,,,(914) 232-7665
Beauty,Aura Salon & Style Bar,Location: 191 King St ChappaquaContact:,,http://auraboutiquesalon.com/,auraboutiquesalon@gmail.com,(914) 238-0091
Beauty,The King Street Salon,Location: 229 King St ChappaquaContact:,,https://Kingstreetsalon.com,,(914) 238-8338
Beauty,Josef Mikel Salon,Location: 355 Manville Road PleasantvilleContact:,,https://josefmikelsalon.com/about-josef-mikel/,,(914) 579-2237
Beauty,Hott Blowdry and Beauty Lounge,Location: 402 Main Street ArmonkContact:,,https://Hottblowdry.com,,(914) 425-5900
Beauty,Eiluj Beauty Lounge,Location: 119 Katonah Ave KatonahContact:,,https://eilujbeauty.com,,(914) 232-2227
Beauty,Medi Tresse,Location: 2 Overhill Rd Suite 320 ScarsdaleContact:,,https://www.meditresse.com/,info@meditresse.comFollow,(914) 500-5674
Beauty,Painted Gypsy Salon,"Location141 E Main St, Mt Kisco, Contact (914)218-8833",,https://www.thepaintedgypsysalon.com/,,
Beauty,Blooming Nails,Location: 55 Bedford Road ChappaquaContact:,,,,(914) 238-0308
Beauty,Isabel Nail Salon,Location: 78 Millwood Rd MillwoodContact:,,https://www.facebook.com/IsabelNailSalonMillwood/,914-373-2300Isabelespin03@gmail.comOpening,(914) 373-2300
Beauty,Posh Polish Nail Salon,Location: 1245 Pleasantville Rd Briarcliff ManorContact:,,https://www.poshpolishsalon.com/,,(914) 945-0888
Beauty,Serenity Spa,Location: 20 King St ChappaquaContact:,,,,(914) 861-8000
Beauty,Kiss Coco Nails,Location: 480 E. Main St Mt. KiscoContact:,,,,(914) 242-0041
Beauty,Brow Studio by Rose,Be brow ready 24/7 with.,,http://www.browstudiobyrose.com,emailCONTACTRose.browstudio@gmail.com,
Beauty,www.browstudiobyrose.com,BOOK YOUR APPOINTMENT[email protected],,http://www.browstudiobyrose.com,emailCONTACTRose.browstudio@gmail.com,(845) 271-9694
Beauty,Infinity Brow Studio,Location: 343 Manville Road PleasantvilleContact:,,,,(914) 492-3580
Beauty,Elysian Color,Location: 53 Main St Ste D4 Mt. KiscoContact:,,https://Elysiancolor.com,Raquelmack@elysiancolor.com2310,(914) 315-9010
Beauty,Mia Fremolaro Beauty and Brow,Location: 1326 Pleasantville Road Briarcliff ManorContact:,,,,(914) 494-3355
Beauty,Body Beautiful of NY,Location: 318 Bedford Rd. Bedford HillsContact:,,https://www.bodybeautifulofnewyork.com,,(914) 218-3500
Beauty,Aura Salon & Style Bar,Location: 191 King St ChappaquaContact:,,http://auraboutiquesalon.com/,auraboutiquesalon@gmail.com,(914) 238-0091
Beauty,Epidavros Day Spa and Salon,Location: 272 N Bedford Rd Mt. KiscoContact:,,https://epidavrosdayspa.com/,info@epidavrosmtkisco.com,(914) 244-4422
Beauty,Hott Blowdry and Beauty Lounge,Location: 402 Main Street ArmonkContact:,,https://Hottblowdry.com,,(914) 425-5900
Beauty,Modern Blow Dry,Location: 46 South Greeley Ave ChappaquaContact:,,https://www.modernblowdrybar.com/,,(914) 861-2690
Catering,ONTHEMARC Catered Events,"Location: Westchester & Fairfield Counties, NYCContact:",,http://onthemarcevents.com/,info@onthemarcevents.comcall,(203) 274-6808
Catering,Feast & Fettle,"is a fully-prepared meal service that delivers across the Northeast. Cross grocery shopping and cooking off your to-do list, and order F&F right to your doorstep. Weekly-curated menus—complete with entrées and sides, packable lunches and family dinners—have something for every kind of eater around your table.",,https://www.feastandfettle.com/membership/soundshoremoms,,
Child Care,Au pair in America,Contact:,,https://aupairinamerica.com,info@aupairamerica.co.uk,(800) 928-7247
Child Care,Cultural Care,Contact:,,https://culturalcare.com,,(800) 333-6056
Child Care,Bright Horizons at TimberRidge,Location: 15 Old Post Rd ArmonkContact:,,https://child-care-preschool.brighthorizons.com/NY/Armonk/timberridge/our-center#form-bottom,bhrecruit@brighthorizons.com,(914) 273-4411
Child Care,Tutor Time Armonk,Location: 73 Old Rt 22 ArmonkContact:,,https://www.tutortime.com/your-local-school/armonk-ny-6052/,,(914) 273-3360
Child Care,Country Kids Schoolhouse,Location: 28 Virginia Ave BedfordContact: (914)-234-0590,,http://www.countrykidsschoolhouse.com/,ester@countrykidsschoolhouse.com,
Child Care,Bedford Discovery Early Childhood Center,Location: 190 Harris Ave Bedford HillsContact:,,http://www.bdecc.com/our_school.htm,,(914) 666-5437
Child Care,Childrens Corner Learning Center,Location: 325 S. Highland Ave Briarcliff ManorContact:,,https://www.childrenscornergroup.com/contact-briarcliff-manor,info@childrenscornergroup.com,(914) 923-2223
Child Care,Young Wonders,Location: 446 N State Rd Briarcliff ManorContact:,,http://www.youngwonders.com/,,(914) 944-9434
Child Care,Temple Beth El-Beginning Years,Location: 220 S. Bedford Rd ChappaquaContact:,,https://bethelnw.org/,,(914) 238-5735
Child Care,Oak Lane Child Care Center,Location: 49 Memorial Dr ChappaquaContact:,,http://www.oaklaneccc.org/default.aspx,,(914) 238-3756
Child Care,Little Years Day Care & Learning,Location: 1 Skyline Drive HawthorneContact:,,http://www.littleyearsdaycare.com/,,(914) 347-7682
Child Care,Country Childrens Center,Location: 412 and 466 Cross River Rd KatonahContact:,,http://www.countrychildrenscenter.org/,,(914) 242-0520
Child Care,A Kids World Preschool,Location: 236 S. Bedford Rd Mt. KiscoContact:,,http://akidsworldpreschool.com/,,(914) 244-8504
Child Care,Kaleidoscope Childcare Center,Location: 100 S Bedford Rd Mt. KiscoContact:,,http://www.kaleidoscopemtkisco.com/,,(914) 244-1100
Child Care,Mount Kisco Child Care Center,Location: 95 Radio Circle Mt. KiscoContact:,,https://mkccc.org/,dmeyerski@mkccc.orgWe,(914) 241-2135
Child Care,All Aboard on the Hudson,Location: 255 N Highland Ave OssiningContact:,,http://www.allaboardchildcare.com/,,(914) 923-1700
Child Care,Ossining Children’s Center,Location: 90 Highland Ave OssiningContact:,,http://www.ossiningchildrenscenter.org/,,(914) 941-0230
Child Care,Tutor Time Pleasantville,Location: 460 Bedford Road PleasantvilleContact:,,https://www.tutortime.com/your-local-school/pleasantville-ny-6032/,,(914) 741-2900
Child Care,Armonk Prep,Location: 475 Main St #4 ArmonkContact:,,https://www.armonkprep.com/,,(914) 495-8648
Child Care,College Advice,Location: One Spruce Hollow ArmonkContact:,,http://www.collegeadvice1.com/,,(914) 273-3756
Child Care,College Planning of Westchester,Location: 200 Business Park Drive ArmonkContact:,,https://www.collegeplanningofwestchester.com/,nschwartz@collegeplanningofwestchester.com,(914) 273-2353
Child Care,Logic Prep,Location: 430 Bedford Rd Suite 201 ArmonkContact:,,https://www.logicprep.com/,273-3280contact@logicprep.com,(914) 273-3280
Child Care,Wilson Prep (In house and online available SAT prep),Location: 26 S. Greeley Ave Ste 1 ChappaquaContact:,,http://wilsondailyprep.com/,,(914) 861-2085
Child Care,Mathnasium,Location: 350 Lexington Ave Mt. KiscoContact:,,http://mathnasium.com/,,(914) 725-6248
Child Care,Chappa Cuts Kids Hair Salon,Location: 1 Memorial Drive ChappaquaContact:,,http://chappacuts.com/,,(914) 861-2632
Child Care,Kidstyles Salon,Location: 701 Bedford Rd Bedford HillsContact:,,http://www.kidstylessalon.com/,,(914) 666-7707
Child Care,Lice Out 911,Location: 573 Bedford Rd Bedford HillsContact:,,http://liceout911.com/,,(914) 689-3655
Children Activities,Artistree Performing Arts,"Location: 114 W Boston Post Rd, MamaroneckContact:",,https://artistreearts.com,info@artistreearts.com,(914) 835-2200
Children Activities,Greenwich Suzuki Academy,"Location: 254 E. Putnam Ave, GreenwichContact:",,https://artistreearts.com,info@artistreearts.com,(203) 561-6176
Children Activities,Song For Seeds,Location: 2 Banksville Rd ArmonkContact:,,https://songsforseeds.com/ny/Armonk,Armonk@songsforseeds.com,(914) 725-2441
Children Activities,The Edge of Dance,Location: 100 Business Park Drive ArmonkContact:,,http://theedgeofdance.com,305-6706THEEDGEOFDANCE@GMAIL.COM,(914) 305-6706
Children Activities,First Five Learning,Location: 450 Main Street ArmonkContact:,,http://Firstfivelearningandplay.com,,(914) 295-9255
Children Activities,Hip Kid-Music for Aardvarks,/Kids Rock ULocation: 77 S. Greeley Ave ChappaquaContact:,,http://hip-kid.com,info@hip-kid.com,(914) 815-2712
Children Activities,Music Together,Location: Chappaqua Community Center 10 Center St ChappaquaContact:,,http://www.slsbmusic.com/,jackie@slsbmusic.com,(914) 924-0995
Children Activities,Musical Munchkins,Location 1: Great Beginnings Nursery School 400 Bedford Rd PleasantvilleLocation 2: Emanuel Lutheran Church 197 Manville Rd PleasantvilleLocation 3: N Cast Park and Rec Dept 40 Maple Ave Armonk-register 9/12 through north castleContact:,,http://Musicalmunchkins.com,info@musicalmunchkins.com,(914) 771-7000
Children Activities,Logrea Dance Academy,Location: 2 Dale Ave OssiningContact:,,http://logreadance.com,NYinfo@logreadance.com914-941-2939NameEmailPhoneAddressSubjectMessageSubmitThanks,(914) 941-2939
Children Activities,Mike Risko Music,Location: 144 Croton Ave OssiningContact:,,http://mikeriskomusicschool.com,,(914) 762-8757
Children Activities,Breaking Ground Dance Center,Location: 101 Castleton St PleasantvilleContact:,,http://www.breakinggrounddance.com/,breakinggrounddance@hotmail.com,(914) 747-3150
Children Activities,Carol Nichols Park Elmsford,Location: 19 White Plains Ave Elmsford,,,,
Children Activities,Barnhardt Park,"Location: 99 Barnhart Ave., Sleepy Hollow",,,,
Children Activities,Louis Engel Waterfront Park,Location: 25 Westerly Rd Ossining,,,,
Children Activities,Sew Happy,Location: VariousContact:,,https://www.sewhappyusa.net/contact-us,885-7716info@sewhappyusa.netbottom,(917) 885-7716
Children Activities,Amaze in Pottery,Location: 76 North State Road Briarcliff ManorContact:,,http://www.amazeinpottery.com/,,(914) 502-0088
Children Activities,Katonah Art Center,"Location: 40 Radio Circle Drive, Mount KiscoContact:",,http://www.katonahartcenter.com,,(914) 232-4843
Children Activities,Pottery Factory,Location: 179 East Main St Mt. KiscoContact:,,http://thepotteryfactory.com/mount-kisco,,(914) 242-3200
Children Activities,Sparkilicious,Location: 333 N Bedford Rd Mt. KiscoContact:,,http://www.sparklicious.com/,Hello@Sparklicious.com,(914) 358-3623
Children Activities,Jacob Burns Film Center,Location: 364 Manville Rd PleasantvilleContact:,,https://burnsfilmcenter.org/,support@burnsfilmcenter.org,(914) 747-5555
Children Activities,Westchester Art Studio-Pleasantville,Location: Pleasantville Community Synagogue 219 Bedford Rd PleasantvilleContact:,,https://www.westchesterartstudio.com/fall-classes,westchesterartstudio@gmail.com,(914) 238-5252
Children Activities,Cooking With Kids NY,Location: ScarsdaleContact:,,https://www.cookingwithkidsny.com/,,(646) 242-6452
Children Activities,Muscoot Farm,Location: 51 Route 100 KatonahContact:,,http://www.muscootfarm.org/,,(914) 884-7282
Children Activities,Stone Barns Center,Location: 630 Bedford Road Pocantico HillsContact: Note: Weekends 10-5:30 – recommend buying tickets in advance,,http://stonebarnscenter.org,,(914) 366-6200
Children Activities,Armonk Indoor Sports Center,Location: 205 Business Park Drive ArmonkContact:,,http://www.armonkindoor.com/,info@armonkindoor.com,(914) 273-8522
Children Activities,Bounce U Elmsford,Location: 159 Clearbrook Road ElmsfordContact:,,http://www.bounceu.com/elmsford-ny,,(914) 874-5200
Children Activities,The Play Place,Location: 11 Clearbrook Rd ElmsfordContact:,,http://theplayplace.net,,(914) 347-5291
Children Activities,Kidville Mt Kisco,Location: 145 Kisco Avenue Mt. KiscoContact:,,http://www.Kidville.com/mtkisco,,(914) 458-1909
Children Activities,Rockin’ Jump,Location: 333 N Bedford Road Mt. KiscoContact:,,http://www.rockinjump.com/mtkisco,,(914) 743-5730
Children Activities,Kids U,Location: 175 Tompkins Ave PleasantvilleContact:,,http://www.kidsu.com/pleasantville.html,portchester@kidsu.com,(914) 747-7478
Children Activities,World Cup Gymnastics,Location: 170 Hunts Lane ChappaquaContact:,,http://www.worldcupgymnastics.com/,gymnastics@worldcupschools.com,(914) 238-4967
Children Activities,Jodis Gym,Location: 25 Hubbels Drive Mt. KiscoContact:,,http://jodisgym.com,,(914) 244-8811
Children Activities,Amadeus Conservatory of Music,Location: 201 King St ChappaquaContact:,,http://www.amadeusconservatory.com/,,(914) 238-0388
Children Activities,WeeBop Mommy & Me Music,Location: 77 Kensico Drive Mt. KiscoContact:  ext 3808,,https://www.sawmillclub.com/the-childrens-center/weebop-mommy-music/,,(914) 241-0797
Children Activities,Kidville Mount Kisco,Location: 145 Mt Kisco Avenue Mt. KiscoContact:,,http://www.Kidville.com/mtkisco,,(914) 458-1909
Children Activities,Mustard Seed Music Studios,Location: 23 Valley Rd Suite 1 KatonahContact:,,http://mustardseedmusicstudio.com/index.html,info@mustardseedmusicstudio.com,(914) 874-4049
Children Activities,Kids U,Location: 175 Tompkins Ave PleasantvilleContact:,,http://www.kidsu.com/classes_at_pleasantville.html,portchester@kidsu.com,(914) 747-7478
Children Activities,Sprout Wellness Yoga Studio-PreNatal Yoga/Mommy and Me,Location: 25 Broadway PleasantvilleContact:,,http://www.sproutwellnessny.com,,(914) 801-7876
Childrens Parties,Ssquaredevents,Contact:,,http://www.ssquaredevents.com,,(914) 469-8319
Childrens Parties,Greater Than We-Susie Mordoh,Location: 445 North State Road Briarcliff ManorContact:,,http://www.greaterthanwe.com,,(914) 393-6252
Childrens Parties,BookedParties,Location: 107 S. Greeley Ave ChappaquaContact:,,http://Bookedparties.com,info@bookedparties.com,(917) 650-7743
Childrens Parties,Party! By Monique (Banks),Location: 18 Flag Hill Rd ChappaquaContact: (914) 714 2527,,http://www.partybymonique.com/,MoniquesParty@gmail.com,
Childrens Parties,Donna Mueller Photography,Contact:,,http://Greatkeepsakes.com,DonnaMueller@optonline.net,(914) 980-2267
Childrens Parties,Molly M Peterson Heartwork Media,Contact:,,http://www.mollympeterson.com,,(540) 222-5538
Childrens Parties,Doublevision Photographers,Contact:,,,,(914) 954-4770
Childrens Parties,Lansing Photography,Contact:,,http://www.annlansingphotography.com,AnnLansingPhotography@gmail.com,(914) 625-0034
Childrens Parties,Westchester Family Photography,Location: 37 King St #2W ChappaquaContact:,,http://www.westchesterfamilyphotos.com/,,(914) 582-0037
Childrens Parties,Venture Photography Greenwich,Location: 1037 East Putnam Avenue GreenwichContact:,,https://www.venturephotography.com/us/your-studio/greenwich-connecticut/,,(203) 861-9100
Childrens Parties,Jane Goodrich Photography,Location: 7 Woodland Ave #17 LarchmonContact:,,https://janegoodrich.com/,info@janegoodrich.com,(917) 744-3310
Childrens Parties,Robin Eden Photography,Location: 75 Grove Street Mt. KiscoContact:,,https://www.robinedenphotography.com/,,(917) 597-7157
Childrens Parties,Equinox,Location: 99 Business Park Dr ArmonkContact:,,http://www.equinox.com/clubs/new-york/westchester/armonk,,(914) 219-1601
Childrens Parties,First Five Learning and Plan,Location: 450 Main Street ArmonkContact:,,http://Firstfivelearningandplay.com,,(914) 295-9255
Childrens Parties,Song For Seeds,Location: 2 Banksville Rd ArmonkContact:,,http://Songsforseeds.com/ny/armonk,westchester@songsforseeds.com,(914) 725-2441
Childrens Parties,Sugar Hi Armonk,Location: 380 Main St ArmonkContact:,,http://Sugar-hi.com,,(914) 273-4777
Childrens Parties,Kidstyles Salon,Location: 701 N Bedford Rd Bedford HillsContact:,,http://www.kidstylessalon.com/,,(914) 666-7707
Childrens Parties,A Maze In Pottery,Location: 76 N State Rd Briarcliff ManorContact:,,http://www.amazeinpottery.com/,,(914) 502-0088
Childrens Parties,Club Fit Briarciff,Location: 584 N State Rd Briarcliff ManorContact:,,http://www.clubfit.com/briarcliff,tgilsinger@clubfit.com,(914) 762-3444
Childrens Parties,Kiwi Country Day Camp,Location: 825 Union Valley Rd Carmel HamletContact:,,http://www.kiwicountrydaycamp.com/,Info@KiwiCountryDayCamp.com,(914) 276-2267
Childrens Parties,Scattered Books Bookstore,Location: 29 King St ChappaquaContact:,,http://scatteredbooks.com,info@scatteredbooks.com,(914) 529-8013
Childrens Parties,WeeZEE,Location: 480 Bedford Rd St 4202 ChappaquaContact:,,,,(914) 752-2100
Childrens Parties,Bounce U,Location: 159 Clearbrook Road ElmsfordContact:,,http://www.bounceu.com/elmsford-ny,,(914) 874-5200
Childrens Parties,Muscoot Farm,Location: 51 Route 100 KatonahContact:,,http://www.muscootfarm.org,,(914) 884-7282
Childrens Parties,Jodis Gym,Location: 25 Hubbels drive Mt. KiscoContact:,,http://Jodisgym.com,,(914) 244-8811
Childrens Parties,Kids U,Location: 175 Tompkins Ave PleasantvilleContact:,,http://www.kidsu.com/pleasantville.html,portchester@kidsu.com,(914) 747-7478
Childrens Parties,Kidville Mt. Kisco,Location: 145 Kisco Ave Mt. KiscoContact:,,,,(914) 458-1909
Childrens Parties,Rockin’ Jump,Location: 333 N Bedford Rd Mt. KiscoContact:,,https://rockinjump.com/mtkisco/,,(914) 743-5730
Childrens Parties,Saw Mill Club,Location: 77 Kensico Dr. Mt. KiscoContact:  ext 3152,,https://www.sawmillclub.com/,,(914) 241-0797
Childrens Parties,Sparkilicious,Location: 333 N Bedford Rd Mt. KiscoContact:,,http://www.sparklicious.com/,Hello@Sparklicious.com,(914) 358-3623
Childrens Parties,Blue Walrus Froyo,Location: 351 Manville Road PleasatnvilleContact:,,http://Bluewalrusfroyo.com,,(914) 495-3999
Childrens Parties,Westchester Childrens Museum,Location: 100 Playland Pkwy RyeContact:,,http://Discoverwcm.org,info@discoverwcm.org,(914) 421-5050
Childrens Parties,Joy’s Balloons,Location: 5 Deer Run ChappaquaContact:,,,,(914) 238-8288
Childrens Parties,Michaels,Location: 319 N Central Ave HartsdaleContact:,,https://www.michaels.com/,,(914) 946-1872
Childrens Parties,Party City,Location: 431 Tarrytown Road White PlainsContact:,,https://www.partycity.com/,,(914) 448-4790
Childrens Parties,Sugar & Co Westchester,Contact:,,http://www.SugarCoWestchester.com,,(914) 912-9580
Childrens Parties,Beascakes Bakery & Breads,Location: 575 Main St ArmonkContact:,,,,(914) 273-3612
Childrens Parties,Sugar Hi Armonk,Location: 380 Main St ArmonkContact:,,https://sugar-hi.com/,,(914) 273-4777
Childrens Parties,Baked By Susan,Location: 163 Grand St Croton-On-HudsonContact:,,https://bakedbysusan.com/,,(914) 862-0874
Childrens Parties,Flour and Sun Bakery,Location: 19 Washington Ave PleasantvilleContact:,,https://flourandsunbakery.com/,,(914) 495-3232
Childrens Parties,Pleasantville Bakery,Location: 57 Wheeler Ave PleasantvilleContact:,,https://pleasantvillebakery.com/,,(914) 773-2014
Childrens Parties,Gammie Cakes (Heather Guthrie Skovera),Location: 35 Bedford Rd PleasantvilleContact:,,,,(917) 517-3901
Dentists - Orthodontists,"Leone Dental Group, Lucy and Frank Leone",Location: 92 Main St ArmonkContact:,,https://leonedentalgroup.com/,,(914) 273-2333
Dentists - Orthodontists,Advanced Dental Care of Armonk,Location: 2 Byram Brook Pl # 2 ArmonkContact:,,http://drmelissakamen.com/,advanceddentalarmonk@gmail.com,(914) 730-7373
Dentists - Orthodontists,Dr Jeffrey Rubenstein,Location: 635 Old Post Rd BedfordContact: (914)234-6632,,https://www.bedfordnydentist.com,,
Dentists - Orthodontists,Gentle Family Dentistry,Location: 1117 Pleasantville Rd Briarcliff ManorContact:,,,,(914) 752-2161
Dentists - Orthodontists,BriarDent,Location: 312 Chappaqua Rd Briarcliff ManorContact:,,http://www.briardent.com/,,(914) 762-4422
Dentists - Orthodontists,James Damascus Oral Surgeons,Location: 59 S Greeley Ave ChappaquaContact:,,,,(914) 238-8323
Dentists - Orthodontists,Greenwich Pediatric Dental Group,Location: 4 Dearfield Drive Suite G3 GreenwichContact:,,https://www.greenwichkidsdentist.com,greenwichkidsdds@aol.com,(203) 422-5437
Dentists - Orthodontists,Mt Kisco Pediatric Dentistry,Location: 105 S. Bedford Rd Suite 315 Mt KiscoContact:,,https://www.mtkiscopediatricdentistry.com,dr.mao@mtkiscopediatricdentistry.com,(914) 229-0189
Dentists - Orthodontists,Giving Tree Pediatric Dentistry,Location: 110 Washington Avenue PleasantvilleContact:,,https://givingtreedental.com/,givingtreedental@gmail.com,(914) 579-2225
Dentists - Orthodontists,Dr Ilan Shamous Armonk,Location: 35 MacDonald Ave ArmonkContact:,,https://www.drshamus.com/,,(914) 273-2010
Dentists - Orthodontists,Ann Guerra,Location: 77 Sunset Dr Briarcliff ManorContact: (914)762-6260,,,,
Dentists - Orthodontists,Ann Marie Evanko,Location: 359 E Main St Mt. KiscoContact:,,,,(914) 666-7566
Dentists - Orthodontists,"Howard A. Fine, DMDSharon M. Eder, DDS",Location: 91 Smith Ave Mt. KiscoContact:,,https://www.fineorthodontics.com/our-team/,,(914) 666-8997
Dentists - Orthodontists,Neil Capalongo,Location: 241 Lexington Ave Mt. KiscoContact: (914)242-2000,,,,
Dentists - Orthodontists,Randall A Moore PC,Location: 351 Manville Rd PleasantvilleContact:,,http://www.randallmooreorthodontics.com/,,(914) 769-2626
Dentists - Orthodontists,Stern Orthodontics,Location: 101 S Bedford Rd Ste 214 Mt KiscoContact:,,http://www.drsternorthodontics.com/,info@drsternorthodontics.comm,(914) 864-2900
Doctors - Specialists,Magana Plastic Surgery,(646) 943 – 6042,,https://maganaplasticsurgery.com/contact-us/,,
Doctors - Specialists,Northern Westchester Hospital,Location: 400 E. Main St Mt KiscoContact:,,https://nwhc.net/,,(914) 984-5342
Doctors - Specialists,The Maria Farari Children’s Hospital/Westchester Medical Center,Location: 100 Woods Road ValhallaContact:  /,,https://www.mariafarerichildrens.org/,,(914) 493-7000
Doctors - Specialists,Yale New Haven Children’s Hospital,"Pediatric Specialty CenterWest Putnam Medical Center500 West Putnam Ave., 2nd floorGreenwich, CT 06830",,https://www.greenwichhospital.org/locations/greenwich-500-west-putnam-avenue-psc.aspx,,
Doctors - Specialists,Westchester Health Briarcliff,Location: 325 South Highland Avenue Briarcliff ManorContact:,,https://www.westchesterhealth.com/LOCATIONS?q=briarcliff_manor1,,(914) 941-5769
Doctors - Specialists,Westchester Health Mt. Kisco,Location: 185 Kisco Avenue Suite 300 Mt. KiscoContact: (914)666-4939,,https://www.westchesterhealth.com/LOCATIONS?q=mt_kisco2,,
Doctors - Specialists,"Armonk Podiatry Dr John O’Hanlon (T/R-Armonk/M,T,W,F,S-Somers)",Location: 34 Maple Ave ArmonkContact:,,,,(914) 273-1000
Doctors - Specialists,Westchester Health Chappaqua (Pediatric Gastroenterology/Endocrinology),Location: 480 Bedford Rd ChappaquaContact:,,https://www.westchesterhealth.com/LOCATIONS?q=chappaqua1,,(914) 458-8800
Doctors - Specialists,"Physical Therapy, Occupational Therapy, and Speech Therapy","Address: 3535 Hill Blvd Ste P, Yorktown Heights, NY 10598",,https://www.ivyrehab.com,,(914) 962-2728
Doctors - Specialists,IvyRehab Women’s Health,"PT: Jennifer Aucoin, DPTAddress: 21 Peekskill Hollow Rd Ste 201, Putnam Valley, NY 10579",,https://www.ivyrehab.com,,(845) 528-3133
Doctors - Specialists,Dr. Rita Bender,Location: 460 Old Post Rd BedfordContact:,,http://bedfordpsychology.com/,Librarydrb@bedfordpsychology.com,(914) 222-1962
Doctors - Specialists,Greenwich Medical Spa,Location: 1285 E Putnam Ave GreenwichContact:,,https://www.greenwichmedicalspa.com/,,(203) 779-6309
Doctors - Specialists,LiceOut911,"The only of its kind,is a private, immaculate, super kid-friendly lice removal and education lounge in a stress free, surprisingly enjoyable atmosphere. No chemicals used. Trained and certified. FSA and HSA accepted. Some insurance will accept.Mention this ad and receive $5 off one head check. Relax…You Found Us!",,http://liceout911.com/,,
Doctors - Specialists,LiceOut911,"Address: 573 Bedford Rd.Bedford Hills, NY 10507",,http://liceout911.com/,,(914) 689-3655
Fitness,Evolve Athletic Club,Location: 188 E Post Rd White PlainsContact:,,https://evolveathleticclub.com/,contact@evolveathleticclub.com,(914) 437-8484
Fitness,[email protected],"SHREDNew York’s First Ski-Inspired WorkoutLocation: 1481 Weaver StreetScarsdale, NY 10583Contact:",,/cdn-cgi/l/email-protection,,
Fitness,Evolve Athletic Club,Location: 188 E Post Rd White PlainsContact:,,https://evolveathleticclub.com/,contact@evolveathleticclub.com,(914) 437-8484
Fitness,Grace Einhorn,,,https://www.facebook.com/public/Grace-Einhorn,,
Fitness,Emily Simon Rappaport,,,https://www.facebook.com/emily.simonrappaport?lst=100027642156938%3A550188753%3A1540337065,,
Fitness,NeverStopMoving365,Contact:,,http://www.neverstopmoving365.com/home/,,(914) 497-2691
Fitness,Sals Pro Sports and Fitness,Location: 541 North State Road Briarcliff ManorContact:,,,,(914) 923-5575
Fitness,Club Pilates,,,"https://lp.clubpilates.com/offer?offer_id=free-intro&clubready_referraltypeid=111321&locations=clubpilates-quaker-ridge-ny,clubpilates-scarsdale-ny,clubpilates-ardsley-ny,clubpilates-mount-kisco-ny,clubpilates-port-chester-ny",,
Fitness,the WONDERbarre,,,https://thewonderbarre.com/,,
Fitness,Core Lab Pilates,Location: 475 Main St Armonk,,http://www.corelabny.com/contact/,,
Fitness,Go Figure Studios Armonk,Location: 111 Bedford Rd ArmonkContact:,,http://gofigurestudio.com/location/armonk,contact@healthedacademy.comPhone,(914) 273-1626
Fitness,Breathe Pilates,Location: 83 N Greeley Ave ChappaquaContact:,,http://www.breathepilatesandyoga.com/,info@breathepilatesandyoga.com,(914) 238-0184
Fitness,Club Pilates,Location: 30 E. Main St Mt. KiscoContact:,,https://clubpilates.com/,,(914) 362-8414
Fitness,Pure Barre Mount Kisco,Location: 29 South Moger Ave Mt. Kisco,,http://purebarre.com/ny-mountkisco/,mtkisco@purebarre.com,
Fitness,The Pilates Line,Location: 23 Saint Charles St ThornwoodContact: ‬,,https://www.pilateslineny.com/,,(707) 696-2117
Fitness,Rebel Yoga,Location: 653 Commerce St ThornwoodContact:,,https://rebelyogatraining.com/,,(914) 979-2216
Fitness,Go Figure Studios Armonk,Location: 111 Bedford Rd ArmonkContact:,,http://gofigurestudio.com/location/armonk,contact@healthedacademy.comPhone,(914) 273-1626
Fitness,Cross Fit Mt Kisco,Location: 25 Hubbels Drive Mt. KiscoContact:,,http://www.crossfitmountkisco.com/,,(914) 318-7353
Fitness,Armonk Indoor Sports Center,Location: 205 Business Park Drive ArmonkContact:,,http://www.armonkindoor.com/,info@armonkindoor.com,(914) 273-8522
Fitness,Evolve Athletic Club,Location: 188 E Post Rd White PlainsContact:,,https://evolveathleticclub.com/,contact@evolveathleticclub.com,(914) 437-8484
Fitness,Apogee Fitness and Wellness,Location: 170 Harris Rd Bedford HillsContact:,,http://www.apogeewellness.com/,,(914) 244-1606
Fitness,EnergySpace (Wellness Coaching),Location: 23 Valley Road KatonahContact:,,https://Energyspace.life,info@energyspace.life,(917) 597-0979
Fitness,"Sirona Therapy (Psychotherapy, Eating Disorders, Mental Health)",Location: 280 N. Bedford Rd Ste 301 Mt. KiscoContact:,,https://sironatherapies.com/,,(914) 241-0707
Fitness,Caremount Medical Mt. Kisco 105 (Physical Therapy),Location: 105 South Bedford Rd Suite 208 Mt. KiscoContact:,,https://www.caremountmedical.com/directory/locations/show/mount-kisco-office-105/,,(914) 241-1050
Healthcare - Eldercare,LiceOut911,"The only of its kind,is a private, immaculate, super kid-friendly lice removal and education lounge in a stress free, surprisingly enjoyable atmosphere. No chemicals used. Trained and certified. FSA and HSA accepted. Some insurance will accept.Mention this ad and receive $5 off one head check. Relax…You Found Us!",,http://liceout911.com/,,
Healthcare - Eldercare,LiceOut911,"Address: 573 Bedford Rd.Bedford Hills, NY 10507",,http://liceout911.com/,,(914) 689-3655
Local Photographers,Cortney Wood Photograph,,,https://cortneywoodphoto.com/,,
Local Photographers,Donna Mueller Photography,Contact:,,http://greatkeepsakes.com/,DonnaMueller@optonline.net,(914) 980-2267
Local Photographers,Molly M. Peterson Heartwork Media,Contact:,,http://www.mollympeterson.com/,,(540) 222-5538
Local Photographers,Doublevision Photographers,Contact:,,https://www.doublevisionphotographers.com/,,(914) 954-4770
Local Photographers,Lansing Photography,Contact:,,http://www.annlansingphotography.com/,AnnLansingPhotography@gmail.com,(914) 232-3642
Local Photographers,Jamie Kilgore Photography,Location: 7 Hill Street Bedford HillsContact:,,http://www.jamiekilgorephotography.com/,thephotowoman@gmail.com,(914) 232-3642
Local Photographers,Westchester Family Photography,Location: 7 King St #2W ChappaquaContact:,,http://www.westchesterfamilyphotos.com/,,(914) 582-0037
Local Photographers,Jane Goodrich Photography,Location: 7 Woodland Ave #17 LarchmontContact:,,https://janegoodrich.com/,info@janegoodrich.com,(917) 744-3310
New Moms,"ProClinix Sports Physical Therapy & Chiropractic, PLLC",Location 1: 5 North Greenwich Rd ArmonkLocation 2: 220 Tompkins Ave Pleasantville (in Athletes Warehouse)Location 3: 1 Elm St Ardsley (in House of Sports)Contact:,,https://Westchesterfit4mom.com,,(914) 977-3038
New Moms,Sprout Wellness Yoga Studio-Pre Natal Yoga,Location: 25 Broadway PleasantvilleContact:,,http://www.sproutwellnessny.com/,,(914) 801-7876
New Moms,Orange Theory Mount Kisco,Location: 222 East Main St Mt. KiscoContact:,,https://Mt-kisco.orangetheoryfitness.com,,(914) 227-2575
New Moms,Fit4Moms (Stroller Strides and Stroller Barre),Location: Kensico Dam ValhallaContact:,,https://Westchesterfit4mom.com,,(914) 977-3038
New Moms,White Plains Hospital,Location: 41 E Post Rd White PlainsContact:,,https://www.wphospital.org/,,(914) 681-0600
New Moms,West Med Group,Location: 2700 Westchester Ave PurchaseContact:,,https://www.westmedgroup.com/connect-with-us,technical@westmedgroup.com,(914) 848-8696
New Moms,Northern Westchester Hospital,Location: 400 E Main St Mt. KiscoContact:,,https://nwhc.net/,,(914) 666-1200
New Moms,"Physical Therapy, Occupational Therapy, and Speech Therapy","Address: 3535 Hill Blvd Ste P, Yorktown Heights, NY 10598",,https://www.ivyrehab.com,,(914) 962-2728
New Moms,IvyRehab Women’s Health,"PT: Jennifer Aucoin, DPTAddress: 21 Peekskill Hollow Rd Ste 201, Putnam Valley, NY 10579",,https://www.ivyrehab.com,,(845) 528-3133
New Moms,CareMount Medical,"Dr. Kathy PurvisLocation: 192 Route 117 Bypass Rd Bedford HillsContact: Monday, Tuesday, Wednesday, FridayDr. Maria ZapsonLocation: 192 Route 117 Bypass Road Bedford HillsContact: Monday, Tuesday, Wednesday, ThursdayDr. Jennifer GannonLocation: 90 South Bedford Rd Mt. KiscoContact: Monday, Tuesday, Wednesday, Friday",,https://www.caremountmedical.com/,,(914) 232-3135
New Moms,Greenwich Hospital,Location: 5 Perryridge Rd GreenwichContact:,,https://www.greenwichhospital.org/maternity,,(203) 863-4226
New Moms,Westmed Gyno,Location: 210 Westchester Ave White PlainsContact: 914) 682-0700,,https://www.westmedgroup.com/locations-and-hours,technical@westmedgroup.com,
New Moms,Westchester Health Group,Location: 105 South Bedford Rd Mt. KiscoContact: Dr. Mimi KangDr. Tiffany Werbin-SilverDr. Lisa Roth-BrownDr. Dominic GreccoDr. Navid Mootabar,,https://www.westchesterhealth.com/,,(914) 241-4900
New Moms,Westchester Lacation Consultants -Sonia Lowenstein Mathisson,Contact:,,http://www.westchesterlactationconsultants.com/home.html,,(914) 450-9304
New Moms,Blissfully Birthing LLC,Location: WestchesterContact:,,http://blissfulbirthingwestchesterny.com/,,(914) 434-3617
New Moms,Blissfully Birthing LLC,Contact:,,http://blissfulbirthingwestchesterny.com/,,(914) 434-3617
New Moms,Westchester PostPartum Support Group,Contact:,,https://www.westchesterpostpartum.com/,adriana.pentz@gmail.com,(646) 287-2565
New Moms,Betterpostpartum,Contact:,,http://betterpostpartum.com/,,(203) 918-3750
New Moms,Jodi Fellows Trager,Contact:,,,,(914) 772-3444
New Moms,Wee Sleep Solutions,Contact:,,https://Weesleepsolutions.com,info@weesleepsolutions.com,(914) 265-6141
New Moms,Slumberland Solutions,,,https://www.slumberlandsolutions.com,carla@slumberlandsolutions.com,
New Moms,WeeBop Mommy & Me Music,Location: 584 North State Rd Briarcliff ManorContact:,,http://www.clubfit.com/,,(914) 762-3444
New Moms,Amadeus Conservatory of Music,Location: 201 King St ChappaquaContact:,,http://www.amadeusconservatory.com/,,(914) 238-0388
New Moms,Mustard Seed Music Studios,Location: 23 Valley Rd Suite 1 KatonahContact:,,,,(914) 874-4049
New Moms,Kidville Mt Kisco-Monday Mom Group,Location: 145 Kisco Ave Mt. KiscoContact:,,http://mustardseedmusicstudio.com/index.html,info@mustardseedmusicstudio.com,(914) 458-1909
New Moms,Kids U,Location: 175 Tompkins Ave PleasantvilleContact:,,http://www.kidsu.com/classes_at_pleasantville.html,portchester@kidsu.com,(914) 747-7478
Professionals,Stacey Jaffe Wachtfogel,Contact:,,https://www.linkedin.com/in/staceywachtfogel,,(914) 844-3312
Professionals,LiceOut911,"The only of its kind,is a private, immaculate, super kid-friendly lice removal and education lounge in a stress free, surprisingly enjoyable atmosphere. No chemicals used. Trained and certified. FSA and HSA accepted. Some insurance will accept.Mention this ad and receive $5 off one head check. Relax…You Found Us!",,http://liceout911.com/,,
Professionals,LiceOut911,"Address: 573 Bedford Rd.Bedford Hills, NY 10507",,http://liceout911.com/,,(914) 689-3655
Real Estate,Megan Sullivan,Contact:,,https://www.bhhsneproperties.com/real-estate-agent/1502/megan-sullivan,,(203) 979-7413
Restaurants,Amore,Location: 1 Kent Pl ArmonkContact:,,https://amorearmonk.com/,,(914) 273-3535
Restaurants,Koku Armonk,Location: 454 Main St ArmonkContact:,,http://www.kokujapanese.com,,(914) 730-0077
Restaurants,Fortina,Location: 17 Maple Ave ArmonkContact:,,http://www.fortinapizza.com/,,(914) 273-0900
Restaurants,Mariachi Mexico Restaurant,Location: 406 Main St ArmonkContact:,,http://mariachimexico.biz,,(914) 273-6805
Restaurants,Moderne Barn Restaurant,Location: 430 Bedford Rd ArmonkContact:,,http://Modernebarn.com,,(914) 730-0001
Restaurants,The Granola Bar,Location: 575 Main St ArmonkContact:,,http://www.thegranolabarct.com,,(914) 861-3070
Restaurants,Tauk Kitchen and Bar,Location: 402 Main St ArmonkContact:,,http://Taukkitchen.com,,(914) 730-1144
Restaurants,Inkas Seafood Grill,Location: 465 Main St ArmonkContact:,,https://www.inkasseafoodgrill.com/,,(914) 730-1122
Restaurants,Zero Otto Nove,Location: 55 Old Rte 22 ArmonkContact:,,https://www.zeroottonove.com/locations/armonk,089armonk@gmail.com,(914) 273-0089
Restaurants,The Bedford Post,Location: 954 Old Post Rd BedfordContact:,,http://www.bedfordpostinn.com/,inn@bedfordpostinn.com,(914) 234-7800
Restaurants,The Outpost,Location: 954 Old Post Rd BedfordContact:,,,,(914) 234-7800
Restaurants,Ristorante Lucia,Location: 454 Old Post Rd BedfordContact:,,http://ristorantelucia.com/,,(914) 234-7600
Restaurants,Truck,Location: 391 Old Post Road BedfordContact:,,https://www.truckrestaurant.com/,,(914) 234-8900
Restaurants,Kicho,Location: 352 N Bedford Rd Bedford HillsContact:,,http://www.kichokicho.com/,,(914) 666-3332
Restaurants,Nino’s,Location: 13 Adams St Bedford HillsContact:,,http://www.ninosrestaurantofbedfordny.com/,,(914) 864-0400
Restaurants,Bedford 234,Location: 635 Old Post Rd BedfordContact:,,http://www.bedford234.com/,info@bedford234.com,(914) 234-5656
Restaurants,La Cremaillere,Location: 46 Bedford-Banksville Rd BedfordContact:,,http://www.cremaillere.com,,(914) 234-9647
Restaurants,105-Ten Bar and Grill,Location: 127 Woodside Ave Briarcliff ManorContact:,,http://www.105ten.com/,,(914) 236-3651
Restaurants,Squires,Location: 94 N. State Rd Briarcliff ManorContact:,,http://www.squiresofbriarcliff.com,,(914) 762-3376
Restaurants,Chappaqua Station,Location: 1 Station Plaza ChappaquaContact:,,http://www.Chappaquastation.com,,(914) 861-8001
Restaurants,Le Jardin Du Roi,Location: 95 King St ChappaquaContact:,,http://Lejardinchappaqua.com,,(914) 238-1368
Restaurants,Local,Location: 75 South Greeley Ave ChappaquaContact:,,http://Chappaqualocal.com,,(914) 238-0698
Restaurants,Crabtree Kittle House,Location: 11 Kittle Road ChappaquaContact:,,http://wwwKittlehouse.com,,(914) 666-8044
Restaurants,Muscoot Tavern,Location: 105 Somerstown Turnpike KatonahContact:,,http://www.muscoottavern.com,,(914) 232-3212
Restaurants,The Whitlock,Location: 17 Katonah Avenue KatonahContact:,,http://www.thewhitlockny.com/,,(914) 232-8030
Restaurants,3 Westerly Bar and Grill,Location: 3 Westerly Rd OssiningContact:,,https://www.3westerly.com,,(914) 762-1333
Restaurants,Southern Table,Location: 39 Marble Ave PleasantvilleContact:,,http://Southern-table.com,,(914) 618-3355
Restaurants,Wood and Fire,Location: 59 Marble Ave PleasantvilleContact:,,https://Woodandfirepizza.com,,(914) 747-2611
Restaurants,Dai Sushi,Location: 8 Pleasantville Rd PleasantvilleContact:,,http://www.daisushirestaurant.com,,(914) 769-0638
Restaurants,Pub Street,Location: 20 Wheeler Ave PleasantvilleContact:,,"https://www,pubstreet.com",,(914) 909-5408
Restaurants,Mission Pleasantville,Location: 4472 Bedford Rd PleasantvilleContact: (914)741-5285,,http://www.missionpleasantville.com,,
Restaurants,Exit 4 Food Hall,Location: 153 Main St Mt. KiscoContact:,,http://www.exit4foodhall.com,,(914) 241-1200
Restaurants,Kisco River,Location: 22 East Main St Mt. KiscoContact:,,http://www.kiscoriver.com/,,(914) 218-3877
Restaurants,Lexington Square Care,Location: 510 Lexington Ave Mt. KiscoContact:,,http://Lexingtonsquarecafe.com,info@lexingtonsquarecafe.com,(914) 244-3663
Restaurants,Stone Fire Restaurant,Location: 251 Lexington Ave Mt. KiscoContact:,,http://Stonefireny.com,,(914) 864-1888
Restaurants,Village Social,Location: 251 E. Main St Mt. KiscoContact:,,http://Villagesocialkb.com,info@vsrye.com67,(914) 864-4588
Restaurants,Winston,Location: 130 E Main St Mt. KiscoContact:,,https://winstonrestaurant.com/,,(914) 244-9780
Restaurants,Beas Cake Bakery,Location: 75 Main St ArmonkContact:,,https://Flourandsunbakery.com,,(914) 273-3612
Restaurants,Sugar Hi Armonk,Location: 380 Main St ArmonkContact:,,https://sugar-hi.com/,,(914) 273-4777
Restaurants,Baked By Susan,Location: 163 Grand Street Croton-on-HudsonContact:,,https://Bakedbysusan.com,,(914) 862-0874
Restaurants,Flour and Sun Bakery,Location: 19 Washington Ave PleasantvilleContact:,,https://flourandsunbakery.com/,,(914) 495-3232
Restaurants,Pleasantville Bakery,Location: 57 Wheeler Ave PleasantvilleContact:,,https://pleasantvillebakery.com/,,(914) 773-2014
Restaurants,Gammie Cakes (Heather Guthrie Skovera),Location: 35 Bedford Rd PleasantvilleContact:,,,,(917) 517-3901
Restaurants,Sweets by Melissa,Contact:,,http://www.sweetsbymelissa.net/,,(914) 494-2111
Restaurants,Sugar Hi Armonk,Location: 380 Main St ArmonkContact:,,https://sugar-hi.com/,,(914) 273-4777
Restaurants,Lil’ Chocolate Shoppe,Location: 5 Washington Ave PleasantvilleContact:,,,,(914) 769-0771
Restaurants,Blue Walrus Froyo,Location: 351 Manville Road PleasatnvilleContact:,,http://www.bluewalrusfroyo.com/,,(914) 495-3999
Restaurants,King Kone,Location: 109 Rte 100 KatonahContact:,,,,(914) 232-0571
Restaurants,The Beehive,Location: 30 Old Rte 22 ArmonkContact:,,http://beehive-restaurant.com/,,(914) 765-0688
Restaurants,3 Westerly Bar and Grill,Location: 3 Westerly Rd OssiningContact:,,https://www.3westerly.com/,,(914) 762-1333
Restaurants,BeWies Holistic Market,Location: 430 Bedford Rd ArmonkContact:,,,,(914) 273-9437
Restaurants,Playa Bowls,Location: 465 Bedford Rd PleasantvilleContact:,,http://playabowls.com/,,(914) 495-3438
Restaurants,DeCicco & Sons Armonk,Location: 17 Maple Ave ArmonkContact:,,https://www.deciccoandsons.com/,,(914) 499-1100
Restaurants,Chappaqua Village Market,Location: 12 King St ChappaquaContact:,,https://chappaquavillagemarket.com/,,(914) 238-4948
Restaurants,Katonah Reading Room,Location: 19 Edgemont Rd KatonahContact:,,http://katonahreadingroom.com/,info@katonahreadingroom.com,(914) 232-1010
Restaurants,DeCicco & Sons Millwood,Location: 230 Saw Mill River Rd MillwoodContact:,,https://www.deciccoandsons.com/millwood/,,(914) 294-5700
Restaurants,Mt. Kisco Seafood Inc,Location: 477 Lexington Ave Mt. KiscoContact:,,http://www.mtkiscoseafood.com/,,(914) 241-3113
Restaurants,The Bagel Emporium Armonk,Location: 1820 391 Main St ArmonkContact:,,https://www.bagelemporium.com/,,(914) 273-9111
Restaurants,Blue Dolphin,Location: 175 Katonah Ave KatonahContact:,,http://thebluedolphinny.com/Welcome.html,,(914) 232-4791
Restaurants,Rocky’s Millwood Deli,Location: 35 Saw Mill River Rd MillwoodContact:,,http://www.rockysdeli.net/,,(914) 941-2165
Restaurants,Mt Kisco Diner,Location: 252 E Main St Mt. KiscoContact:,,http://mtkiscodiner.com/index.php,,(914) 666-5676
Shopping Adults,Beginnings Bleus,Location: 575 Main St ArmonkContact:,,http://beginningsbleus.com/,customerservice@beginningsbleus.com,(914) 765-0004
Shopping Adults,TruGrace,Location: 419 Main St ArmonkContact:,,http://www.trugracefashion.com/,,(914) 273-9600
Shopping Adults,Lilies & Lace,Location: 400 Main St #3 ArmonkContact:,,https://www.liliesandlace.net/,,(914) 273-2253
Shopping Adults,The Shop @ Dori’s- Armonk,Location: 402 Main St ArmonkContact:,,http://www.doris-closet.com/,,(914) 273-2100
Shopping Adults,March Boutique,Location: 1207 Pleasantville Road Briarcliff ManorContact:,,http://marchboutique.com/,marchboutique@aol.com,(914) 923-2100
Shopping Adults,Petticoat Lane,Location: 6 King St ChappaquaContact:,,https://www.bagshop.com/petticoat-lane-locations/,info@bagshop.com,(800) 913-3911
Shopping Adults,The Shop @ Dori’s – Chappaqua,Location: 6 S Greeley Ave ChappaquaContact:,,http://www.doris-closet.com/,,(914) 907-1832
Shopping Adults,Ruby Sue Boutique,Location: 157 Katonah Ave KatonahContact:,,,,(914) 232-6277
Shopping Adults,Wild Orchid Boutique,Location: 189 Katonah Ave KatonahContact:,,http://wildorchid-boutique.com/,,(914) 232-1400
Shopping Adults,Elephants Trunk,Location: 111 Main St Mt. KiscoContact:,,https://www.elephantstrunk.com/,,(914) 666-7666
Shopping Adults,Whim,Location: 255 S Moger Ave Mt. KiscoContact:,,https://www.whimlove.com/,,(914) 244-0034
Shopping Adults,Desires by Mikolay,Location: 55 King St ChappaquaContact:,,http://www.desiresbymikolay.com/,info@desiresbymikolay.com,(914) 238-2223
Shopping Adults,House Of 29 Lifestyle Boutique By Sarah,Location: 39 S Greeley Ave ChappaquaContact:,,,,(914) 861-2928
Shopping Adults,Eye Designs,Location: 575 Main Street ArmonkContact:,,http://www.eyedesignsofwestchester.com/,eyedesignsofwestchester@gmail.com,(914) 273-7337
Shopping Adults,Luxe Luxury Labels,Location 1: 41 Marble Avenue ArmonkLocation 2: 191 King Street Chappaqua (Thurs-Sun)Contact:,,https://www.instagram.com/luxeluxurylabels/,,(914) 861-2649
Shopping Adults,Whispering Pines of Chappaqua,Location: 83 S. Greeley Ave ChappaquaContact:,,http://whisperingpinesofchappaqua.com/,,(914) 238-5661
Shopping Adults,Framings Armonk,Location: 39 S Greeley Ave ChappaquaContact:,,http://framingsofarmonk.com/,,(914) 861-2928
Shopping Adults,Art Barn,Location: 325 N Highland Ave OssiningContact:,,http://www.theartbarn.net/,,(914) 762-4997
Shopping Adults,Luxe Luxury Labels,"Location: 1 King St, ChappaquaContact:",,http://www.breezegifts.com/,,(914) 238-1900
Shopping Adults,Katonah Pharmacy,Location: 202 Katonah Ave KatonahContact:,,http://katonahpharmacy.com/,KatonahWayPharmacy@gmail.com,(914) 232-1109
Shopping Adults,Weinstein Pharmacy,Location: 3101 Katonah Ave KatonahContact:,,http://www.mygnp.com/,goodneighborpharmacy@amerisourcebergen.com,(914) 232-5166
Shopping Adults,The Pharm Stand,A health and wellness boutique carrying the best in CBD products. Over 100 items from USA’s top producers and farms.,,http://www.thepharmstandco.com,399-5557info@thepharmstandco.com,
Shopping Adults,https://thepharmstandco.com/,"15 Maple AveArmonk, NY 10504Store – 914-219-4360ig:@thepharmstand",,https://www.instagram.com/thepharmstand/,,
Shopping-Kids,All About the Dress,Location: 480 Main St ArmonkContact:,,http://www.allaboutthedressny.com/,alisha@thedressny.com,(914) 219-5300
Shopping-Kids,Lol Kids/Litte Rags and Riches,Location: 384 Main St ArmonkContact:,,http://www.littleragandriches.com,,(914) 219-5232
Shopping-Kids,Star Spangled Karousel,Location: 62 Main St ArmonkContact:,,http://www.starspangledcarousel.com/,susan@starspangledcarousel.com,(914) 273-9702
Shopping-Kids,The Preppy Turtle-consignment,Location: 2 Depot Plz Bedford HillsContact:,,http://www.thepreppyturtle.com/,,(914) 666-8500
Shopping-Kids,Hip Kid,Location:  77 S. Greeley Ave ChappaquaContact:,,http://Hip-kid.com,info@hip-kid.com,(914) 815-2712
Shopping-Kids,All Together Now Kids,Location: 53 South Moger Avenue Mt. KiscoContact:,,https://www.alltogethernowkids.com/contact.htm,418-5583hello@alltogethernowkids.com,(914) 864-2400
Shopping-Kids,Neils Corner Spot,Location: 195 N Bedford Road Mt. KiscoContact:,,https://www.neilscornerspot.com/,,(914) 244-7010
Shopping-Kids,Katonah Reading Room,,,http://www.katonahreadingroom.com,info@katonahreadingroom.com914-334-8019,
Shopping-Kids,Scattered Books,Location: 29 King St ChappaquaContact:,,http://www.scatteredbooks.com/,info@scatteredbooks.com,(914) 529-8013
Shopping-Kids,Kimberly House LTD-natural,Location: 29 Washington Ave PleasantvilleContact:,,http://www.kimberlyhouse.com/,,(845) 277-1200
Shopping-Kids,Gumdrop Lane,Location: 450 Main Street ArmonkContact:,,http://Gumdroplane.com,,(914) 219-8578
Shopping-Kids,G Willikers,Location: 27 Katonah Ave KatonahContact:,,https://www.gwillikerstoys.com/,,(914) 232-0706
Shopping-Kids,Hip Kid,Location: 77 S. Greeley Ave ChappaquaContact:,,https://hip-kid.com/,info@hip-kid.com,(914) 815-2712
Shopping-Kids,Country Willow Kids,Location: 230 Rte 117 Bypass Road Bedford HillsContact:,,http://www.countrywillowkids.com/,,(914) 241-7000
Shopping-Kids,Gumdrop Lane,Location: 450 Main St ArmonkContact:,,https://www.gumdroplane.com/,,(914) 219-8578
Shopping-Kids,Hipchick Home,Location: 381 Main ArmonkContact:,,,,(914) 273-4600
Shopping-Kids,Wyatt Lily NYC,Location: 1 Chase Rd ScarsdaleContact:,,https://wyattlily.com/,,(914) 472-1930
Shopping-Kids,Target,Location: 195 N Bedford Rd A Mt KiscoContact:,,https://www.target.com/sl/mt-kisco/1954,,(914) 602-0004
Shopping-Kids,Oh Spit Baby,,,https://www.facebook.com/ohspitbaby/,,
Shopping-Kids,PixielanebyLisa,,,https://www.instagram.com/pixielanelisa/,,
Shopping-Kids,Hall of Scoops,Location: 403 Main St #22 ArmonkContact:,,https://hallofscoops.com/,,(917) 715-0088
Shopping-Kids,Pretty Gifted by Margaux,Location: Tyler Dr StamfordContact:,,https://prettygiftedbymargaux.com/,,(203) 588-1094
